# type (r;w;u;1-9),class,name,comment,QQ,ZZ,PBSB,ID,field1,part (m;s),type / templates,divider / values,unit,comment
r,cha,betriebsart_heizgeraet,Betriebsart Heizgerät,,08,5022,BC6730,betriebsart_heizgeraet,,UIN,0x00=ODU Test;0x01=Test;0x02=Frostschutz HK;0x03=Frostschutz Warmwasser;0x04=Durchfluss gering;0x05=Vorwärmung;0x06=Abtaubetrieb;0x07=Antilegionellenfunktion;0x08=Warmwasser;0x09=WW-Nachlauf;0x0a=Heizbetrieb;0x0b=HZ-Nachlauf;0x0c=Aktive Kühlung;0x0d=Kaskade;0x0e=GLT;0x0f=Standby;0x10=Pump Down;0x11=Nachlauf K;0x12=Undefiniert;0x13=Pool,,Betriebsart Heizgerät
r,cha,verdichterstatus,Verdichterstatus,,08,5022,2C6830,verdichterstatus,,UIN,0x00=Störung;0x01=Deaktiviert;0x02=Deaktiviert;0x03=Standby;0x04=Vorspülen;0x05=Betrieb;0x06=Abtaubetrieb;0x07=Nachspülen;0x08=Sperrzeit;0x09=Sperrzeit;0x0a=EVU Sperre;0x0b=AT Abschaltg.;0x0c=VL/RL > Max.;0x0d=Aktive Kühlung;0x0e=Zuluft < min;0x0f=TPW/MaxTh;0x10=Test;0x11=TPW/MaxTh;0x12=TPW;0x13=MaxTH,,Verdichterstatus
r,cha,status_e_heizung,Status E-Heizung,,08,5022,706930,status_e_heizung,,UIN,0x00=Störung;0x01=Deaktiviert;0x02=Deaktiviert;0x03=Standby;0x04=Vorspülen;0x05=Betrieb;0x06=Abtaubetrieb;0x07=Nachspülen;0x08=Sperrzeit;0x09=Sperrzeit;0x0a=EVU Sperre;0x0b=AT Abschaltg.;0x0c=VL/RL > Max.;0x0d=Aktive Kühlung;0x0e=Zuluft < min;0x0f=TPW/MaxTh;0x10=Test;0x11=TPW/MaxTh;0x12=TPW;0x13=MaxTH,,Status E-Heizung
r,cha,status_zusatzwaermeerzeuger,Status Zusatzwärmeerzeuger,,08,5022,946A30,status_zusatzwaermeerzeuger,,UIN,0x00=Störung;0x01=Deaktiviert;0x02=Deaktiviert;0x03=Standby;0x04=Vorspülen;0x05=Betrieb;0x06=Abtaubetrieb;0x07=Nachspülen;0x08=Sperrzeit;0x09=Sperrzeit;0x0a=EVU Sperre;0x0b=AT Abschaltg.;0x0c=VL/RL > Max.;0x0d=Aktive Kühlung;0x0e=Zuluft < min;0x0f=TPW/MaxTh;0x10=Test;0x11=TPW/MaxTh;0x12=TPW;0x13=MaxTH,,Status Zusatzwärmeerzeuger
r,cha,aussentemperatur,Außentemperatur,,08,5022,740C00,aussentemperatur,,SIN,10,°C,Außentemperatur
r,cha,kesseltemperatur,Kesseltemperatur,,08,5022,280D00,kesseltemperatur,,SIN,10,°C,Kesseltemperatur
r,cha,kesselsolltemperatur,Kesselsolltemperatur,,08,5022,B80200,kesselsolltemperatur,,SIN,10,°C,Kesselsolltemperatur
r,cha,sammlertemperatur,Sammlertemperatur,,08,5022,5F1727,sammlertemperatur,,SIN,10,°C,Sammlertemperatur
r,cha,ruecklauftemperatur,Rücklauftemperatur,,08,5022,241600,ruecklauftemperatur,,SIN,10,°C,Rücklauftemperatur
r,cha,kesseltemperatur_2,Kesseltemperatur 2,,08,5022,A05830,kesseltemperatur_2,,SIN,100,°C,Kesseltemperatur 2
r,cha,warmwassertemperatur,Warmwassertemperatur,,08,5022,CC0E00,warmwassertemperatur,,SIN,10,°C,Warmwassertemperatur
r,cha,warmwassersolltemperatur,Warmwassersolltemperatur,,08,5022,541300,warmwassersolltemperatur,,SIN,10,°C,Warmwassersolltemperatur
r,cha,zulufttemperatur,Zulufttemperatur,,08,5022,885530,zulufttemperatur,,SIN,10,°C,Zulufttemperatur
r,cha,ablufttemperatur,Ablufttemperatur,,08,5022,671333,ablufttemperatur,,SIN,10,°C,Ablufttemperatur
r,cha,sauggastemperatur,Sauggastemperatur,,08,5022,DF1133,sauggastemperatur,,SIN,10,°C,Sauggastemperatur
r,cha,heissgastemperatur,Heißgastemperatur,,08,5022,305730,heissgastemperatur,,SIN,10,°C,Heißgastemperatur
r,cha,p_heissgas,P_Heißgas,,08,5022,FF0E33,p_heissgas,,SIN,10,bar,P_Heißgas
r,cha,p_sauggas,P_Sauggas,,08,5022,A30F33,p_sauggas,,SIN,10,bar,P_Sauggas
r,cha,eev_hz,EEV HZ,,08,5022,AF1433,eev_hz,,UIN,,,EEV HZ
r,cha,eev_k,EEV K,,08,5022,F31533,eev_k,,UIN,,,EEV K
r,cha,heizkreisdurchfluss,Heizkreisdurchfluss,,08,5022,2BD917,heizkreisdurchfluss,,SIN,10,l/min,Heizkreisdurchfluss
r,cha,anlagendruck,Anlagendruck,,08,5022,771A27,anlagendruck,,SIN,100,bar,Anlagendruck
r,cha,heizkreispumpe,Heizkreispumpe,,08,5022,C07930,heizkreispumpe,,BI0:1,0X00=Aus;0X01=Ein,,Heizkreispumpe
r,cha,aktuelle_leistungsvorgabe_verdichter,Aktuelle Leistungsvorgabe Verdichter,,08,5022,D56F01,aktuelle_leistungsvorgabe_verdichter,,UIN,,%,Aktuelle Leistungsvorgabe Verdichter
r,cha,verdichterfrequenz,Verdichterfrequenz,,08,5022,286130,verdichterfrequenz,,UIN,,Hz,Verdichterfrequenz
r,cha,drehzahl_ventilator,Drehzahl Ventilator,,08,5022,685F30,drehzahl_ventilator,,UIN,,U/min,Drehzahl Ventilator
r,cha,status_nachtbetrieb,Status Nachtbetrieb,,08,5022,DA792A,status_nachtbetrieb,,UIN,0x00=Aus;0x01=Ein,,Status Nachtbetrieb
r,cha,status_tpw,Status TPW,,08,5022,A70633,status_tpw,,UIN,0xfe40=Geöffnet;0x7d0=Geschlossen,,Status TPW
r,cha,status_sg,Status SG,,08,5022,A6302A,status_sg,,UIN,0x00=Aus;0x01=Normalbetrieb;0x02=EVU-Sperre;0x03=Einschaltempfehlung;0x04=Einschaltbefehl,,Status SG
r,cha,status_pv,Status PV,,08,5022,363F2A,status_pv,,UIN,0x00=Aus;0x01=Normalbetrieb;0x02=EVU-Sperre;0x03=Einschaltempfehlung;0x04=PV-Anhebung aktiv,,Status PV
r,cha,eingang_e1,Eingang E1,,08,5022,031627,eingang_e1,,UIN,0xfe40=Geöffnet;0x7d0=Geschlossen,,Eingang E1
r,cha,eingang_e3,Eingang E3,,08,5022,1F0433,eingang_e3,,UIN,0xfe40=Geöffnet;0x7d0=Geschlossen,,Eingang E3
r,cha,eingang_e4,Eingang E4,,08,5022,430533,eingang_e4,,UIN,0xfe40=Geöffnet;0x7d0=Geschlossen,,Eingang E4
r,cha,leistungsaufnahme_wp_ehz,Leistungsaufnahme (WP + EHZ),,08,5022,046530,leistungsaufnahme_wp_ehz,,SIN,10,kW,Leistungsaufnahme (WP + EHZ)
r,cha,aktuelle_sekundaerleistung,Aktuelle Sekundärleistung,,08,5022,B86E30,aktuelle_sekundaerleistung,,SIN,10,kW,Aktuelle Sekundärleistung
r,cha,heizleistung,Heizleistung,,08,5022,8C5C30,heizleistung,,SIN,10,kW,Heizleistung
r,cha,kuehlleistung,Kühlleistung,,08,5022,445B30,kuehlleistung,,SIN,10,kW,Kühlleistung
r,cha,energiemenge_hz,Energiemenge HZ,,08,5022,E46F30;C47030,energiemenge_hz,,ULG,,kWh,Energiemenge HZ
r,cha,energiemenge_ww,Energiemenge WW,,08,5022,247A30;787B30,energiemenge_ww,,ULG,,kWh,Energiemenge WW
r,cha,energiemenge_kuehl,Energiemenge Kühl.,,08,5022,B07C30;EC7D30,energiemenge_kuehl,,ULG,,kWh,Energiemenge Kühl.
r,cha,netzbetriebsstunden,Netzbetriebsstunden,,08,5022,662802;3A2902,netzbetriebsstunden,,ULG,,Std,Netzbetriebsstunden
r,cha,betriebsstunden_verdichter,Betriebsstunden Verdichter,,08,5022,DE2A02,betriebsstunden_verdichter,,UIN,,Std,Betriebsstunden Verdichter
r,cha,betriebsstunden_e_heizung,Betriebsstunden E-Heizung,,08,5022,6A3E2A,betriebsstunden_e_heizung,,UIN,,Std,Betriebsstunden E-Heizung
r,cha,anzahl_netz_ein,Anzahl Netz Ein,,08,5022,235E27,anzahl_netz_ein,,UIN,,,Anzahl Netz Ein
r,cha,verdichterstarts,Verdichterstarts,,08,5022,AA2602;F62702,verdichterstarts,,ULG,,,Verdichterstarts
r,cha,hcm_4_firmware,HCM-4 Firmware,,08,5022,A19A01,hcm_4_firmware,,SIN,100,,HCM-4 Firmware
r,cha,hpm_2_firmware,HPM-2 Firmware,,08,5022,DB1833,hpm_2_firmware,,SIN,100,,HPM-2 Firmware
r,cha,korrektur_t_kessel,Korrektur T_Kessel,,08,5022,006C30,korrektur_t_kessel,,SIN,100,°C,Korrektur T_Kessel
r,cha,korrektur_t_kessel_2,Korrektur T_Kessel_2,,08,5022,6F0133,korrektur_t_kessel_2,,SIN,100,°C,Korrektur T_Kessel_2
r,cha,korrektur_t_ruecklauf,Korrektur T_Rücklauf,,08,5022,5C6D30,korrektur_t_ruecklauf,,SIN,100,°C,Korrektur T_Rücklauf
r,cha,herstellwoche,Herstellwoche,,08,5022,F67D2A,herstellwoche,,UIN,,,Herstellwoche
r,cha,herstelljahr,Herstelljahr,,08,5022,127E2A,herstelljahr,,UIN,,,Herstelljahr
r,cha,seriennummer,Seriennummer,,08,5022,DA802A;4E7F2A,seriennummer,,ULG,,,Seriennummer
r,cha,verbrauch_aktueller_tag,Verbrauch aktueller Tag,,08,5022,86812A,verbrauch_aktueller_tag,,UIN,,kWh,Verbrauch aktueller Tag
r,cha,erzeugte_waermemenge_aktueller_tag,Erzeugte Wärmemenge aktueller Tag,,08,5022,62822A,erzeugte_waermemenge_aktueller_tag,,UIN,,kWh,Erzeugte Wärmemenge aktueller Tag
r,cha,taz_aktueller_tag,TAZ aktueller Tag,,08,5022,9F2F33,taz_aktueller_tag,,SIN,10,,TAZ aktueller Tag
r,cha,energie_vt_el,Energie VT (el.),,08,5022,6EF832,energie_vt_el,,UIN,,kWh,Energie VT (el.)
r,cha,energie_vt_th,Energie VT (th.),,08,5022,32F932,energie_vt_th,,UIN,,kWh,Energie VT (th.)
r,cha,energie_vt_taz,Energie VT (TAZ),,08,5022,D6FA32,energie_vt_taz,,SIN,10,,Energie VT (TAZ)
r,cha,verbrauch_aktueller_monat,Verbrauch aktueller Monat,,08,5022,3E832A,verbrauch_aktueller_monat,,UIN,,kWh,Verbrauch aktueller Monat
r,cha,erzeugte_waermemenge_aktueller_monat,Erzeugte Wärmemenge aktueller Monat,,08,5022,F6842A,erzeugte_waermemenge_aktueller_monat,,UIN,,kWh,Erzeugte Wärmemenge aktueller Monat
r,cha,maz_aktueller_monat,MAZ aktueller Monat,,08,5022,BF3033,maz_aktueller_monat,,SIN,10,,MAZ aktueller Monat
r,cha,energie_hp_el,Energie HP (el.),,08,5022,8AFB32,energie_hp_el,,UIN,,kWh,Energie HP (el.)
r,cha,energie_hp_th,Energie HP (th.),,08,5022,42FC32,energie_hp_th,,UIN,,kWh,Energie HP (th.)
r,cha,energie_hp_jaz,Energie HP (JAZ),,08,5022,1EFD32,energie_hp_jaz,,SIN,10,,Energie HP (JAZ)
r,cha,verbrauch_aktuelles_jahr,Verbrauch aktuelles Jahr,,08,5022,AA852A;4E862A,verbrauch_aktuelles_jahr,,ULG,,kWh,Verbrauch aktuelles Jahr
r,cha,erzeugte_waermemenge_aktuelles_jahr,Erzeugte Wärmemenge aktuelles Jahr,,08,5022,668B2A;AE8C2A,erzeugte_waermemenge_aktuelles_jahr,,ULG,,kWh,Erzeugte Wärmemenge aktuelles Jahr
r,cha,energie_vj_el,Energie VJ (el.),,08,5022,FAFE32,energie_vj_el,,UIN,,kWh,Energie VJ (el.)
r,cha,energie_vj_th,Energie VJ (th.),,08,5022,A6FF32,energie_vj_th,,UIN,,kWh,Energie VJ (th.)
r,cha,energie_vj_jaz,Energie VJ (JAZ),,08,5022,330033,energie_vj_jaz,,SIN,10,,Energie VJ (JAZ)
r,cha,verbrauch_vorjahr,Verbrauch Vorjahr,,08,5022,F28D2A;168E2A,verbrauch_vorjahr,,ULG,,kWh,Verbrauch Vorjahr
r,cha,erzeugte_waermemenge_vorjahr,Erzeugte Wärmemenge Vorjahr,,08,5022,4A8F2A;6A902A,erzeugte_waermemenge_vorjahr,,ULG,,kWh,Erzeugte Wärmemenge Vorjahr
r,cha,verbrauch_vorvorjahr,Verbrauch Vorvorjahr,,08,5022,36912A;D2922A,verbrauch_vorvorjahr,,ULG,,kWh,Verbrauch Vorvorjahr
r,cha,erzeugte_waermemenge_vorvorjahr,Erzeugte Wärmemenge Vorvorjahr,,08,5022,8E932A;46942A,erzeugte_waermemenge_vorvorjahr,,ULG,,kWh,Erzeugte Wärmemenge Vorvorjahr
r,cha,jaz_vorvorjahr,JAZ Vorvorjahr,,08,5022,E33133,jaz_vorvorjahr,,SIN,10,,JAZ Vorvorjahr
r,cha,warmwasser_betriebsart,Warmwasser Betriebsart,,08,5022,4B1733,warmwasser_betriebsart,,UIN,0x00=Effizient;0x01=Schnell,,Warmwasser Betriebsart
r,cha,betriebsart_verdichter,Betriebsart Verdichter,,08,5022,171633,betriebsart_verdichter,,UIN,0x00=Leistungsoptimiert;0x01=Schalloptimiert,,Betriebsart Verdichter
r,cha,energie_k,Energiemenge Kühlung,,08,5022,90CD30;7CDC30,energie_k,,ULG,,kWh,Energiemenge Kühlung
r,cha,drehzahl_ventilator_alternative,Drehzahl Ventilator Alternative,,08,5022,876327,drehzahl_ventilator_alternative,,UIN,,U/min,Drehzahl Ventilator Alternative
r,cha,leistungsklasse,Leistungsklasse,,08,5022,F33827,leistungsklasse,,UIN,,kW,Leistungsklasse
r,cha,anlagenkonfiguration,(WP001) Anlagenkonfiguration,,08,5022,E2C832,anlagenkonfiguration,,UIN,0x00=Konfiguration 1;0x01=Konfiguration 2;0x02=Konfiguration 11;0x03=Konfiguration 12;0x04=Konfiguration 51;0x05=Konfiguration 52,,(WP001) Anlagenkonfiguration
w,cha,anlagenkonfiguration,(WP001) Anlagenkonfiguration,,08,5023,00C832,anlagenkonfiguration,,UIN,0x00=Konfiguration 1;0x01=Konfiguration 2;0x02=Konfiguration 11;0x03=Konfiguration 12;0x04=Konfiguration 51;0x05=Konfiguration 52,,(WP001) Anlagenkonfiguration
r,cha,funktion_eingang_e1,(WP002) Funktion Eingang E1,,08,5022,BEC932,funktion_eingang_e1,,UIN,0x00=Keine Funktion;0x01=RT;0x02=WW;0x03=RT / WW;0x04=Zirkomat;0x05=MaxTh;0x06=KühlTh;0x07=SAF Kühlen;0x08=PV;0x09=Ext. Störung;0x0a=Pool,,(WP002) Funktion Eingang E1
w,cha,funktion_eingang_e1,(WP002) Funktion Eingang E1,,08,5023,00C932,funktion_eingang_e1,,UIN,0x00=Keine Funktion;0x01=RT;0x02=WW;0x03=RT / WW;0x04=Zirkomat;0x05=MaxTh;0x06=KühlTh;0x07=SAF Kühlen;0x08=PV;0x09=Ext. Störung;0x0a=Pool,,(WP002) Funktion Eingang E1
r,cha,funktion_ausgang_a1,(WP003) Funktion Ausgang A1,,08,5022,5ACA32,funktion_ausgang_a1,,UIN,0x00=Keine Funktion;0x01=Zirkulationspumpe 20%;0x02=Zirkulationspumpe 50%;0x03=Zirkulationspumpe 100%;0x04=Alarmausgang;0x05=Zirkomat;0x06=Abtauen;0x07=ZWE;0x08=Verdichter EIN;0x09=EHZ Ein;0x0a=ZUP extern;0x0b=Kühlung ein;0x0c=Pool,,(WP003) Funktion Ausgang A1
w,cha,funktion_ausgang_a1,(WP003) Funktion Ausgang A1,,08,5023,00CA32,funktion_ausgang_a1,,UIN,0x00=Keine Funktion;0x01=Zirkulationspumpe 20%;0x02=Zirkulationspumpe 50%;0x03=Zirkulationspumpe 100%;0x04=Alarmausgang;0x05=Zirkomat;0x06=Abtauen;0x07=ZWE;0x08=Verdichter EIN;0x09=EHZ Ein;0x0a=ZUP extern;0x0b=Kühlung ein;0x0c=Pool,,(WP003) Funktion Ausgang A1
r,cha,funktion_eingang_e3,(WP005) Funktion Eingang E3,,08,5022,06CB32,funktion_eingang_e3,,UIN,0x00=Keine Funktion;0x01=RT;0x02=WW;0x03=RT / WW;0x04=Zirkomat;0x05=MaxTh;0x06=KühlTh;0x07=SAF Kühlen;0x08=PV;0x09=Ext. Störung;0x0a=Pool,,(WP005) Funktion Eingang E3
w,cha,funktion_eingang_e3,(WP005) Funktion Eingang E3,,08,5023,00CB32,funktion_eingang_e3,,UIN,0x00=Keine Funktion;0x01=RT;0x02=WW;0x03=RT / WW;0x04=Zirkomat;0x05=MaxTh;0x06=KühlTh;0x07=SAF Kühlen;0x08=PV;0x09=Ext. Störung;0x0a=Pool,,(WP005) Funktion Eingang E3
r,cha,funktion_ausgang_a3,(WP006) Funktion Ausgang A3,,08,5022,CECC32,funktion_ausgang_a3,,UIN,0x00=Keine Funktion;0x01=Zirkulationspumpe 20%;0x02=Zirkulationspumpe 50%;0x03=Zirkulationspumpe 100%;0x04=Alarmausgang;0x05=Zirkomat;0x06=Abtauen;0x07=ZWE;0x08=Verdichter EIN;0x09=EHZ Ein;0x0a=ZUP extern;0x0b=Kühlung ein;0x0c=Pool,,(WP006) Funktion Ausgang A3
w,cha,funktion_ausgang_a3,(WP006) Funktion Ausgang A3,,08,5023,000032,funktion_ausgang_a3,,UIN,0x00=Keine Funktion;0x01=Zirkulationspumpe 20%;0x02=Zirkulationspumpe 50%;0x03=Zirkulationspumpe 100%;0x04=Alarmausgang;0x05=Zirkomat;0x06=Abtauen;0x07=ZWE;0x08=Verdichter EIN;0x09=EHZ Ein;0x0a=ZUP extern;0x0b=Kühlung ein;0x0c=Pool,,(WP006) Funktion Ausgang A3
r,cha,funktion_eingang_e4,(WP007) Funktion Eingang E4,,08,5022,92CD32,funktion_eingang_e4,,UIN,0x00=Keine Funktion;0x01=RT;0x02=WW;0x03=RT / WW;0x04=Zirkomat;0x05=MaxTh;0x06=KühlTh;0x07=SAF Kühlen;0x08=PV;0x09=Ext. Störung;0x0a=Pool,,(WP007) Funktion Eingang E4
w,cha,funktion_eingang_e4,(WP007) Funktion Eingang E4,,08,5023,00CD32,funktion_eingang_e4,,UIN,0x00=Keine Funktion;0x01=RT;0x02=WW;0x03=RT / WW;0x04=Zirkomat;0x05=MaxTh;0x06=KühlTh;0x07=SAF Kühlen;0x08=PV;0x09=Ext. Störung;0x0a=Pool,,(WP007) Funktion Eingang E4
r,cha,funktion_ausgang_a4,(WP008) Funktion Ausgang A4,,08,5022,76CE32,funktion_ausgang_a4,,UIN,0x00=Keine Funktion;0x01=Zirkulationspumpe 20%;0x02=Zirkulationspumpe 50%;0x03=Zirkulationspumpe 100%;0x04=Alarmausgang;0x05=Zirkomat;0x06=Abtauen;0x07=ZWE;0x08=Verdichter EIN;0x09=EHZ Ein;0x0a=ZUP extern;0x0b=Kühlung ein;0x0c=Pool,,(WP008) Funktion Ausgang A4
w,cha,funktion_ausgang_a4,(WP008) Funktion Ausgang A4,,08,5023,00CE32,funktion_ausgang_a4,,UIN,0x00=Keine Funktion;0x01=Zirkulationspumpe 20%;0x02=Zirkulationspumpe 50%;0x03=Zirkulationspumpe 100%;0x04=Alarmausgang;0x05=Zirkomat;0x06=Abtauen;0x07=ZWE;0x08=Verdichter EIN;0x09=EHZ Ein;0x0a=ZUP extern;0x0b=Kühlung ein;0x0c=Pool,,(WP008) Funktion Ausgang A4
r,cha,temperaturueberhoehung_sammler,(WP009) Temperaturüberhöhung Sammler,,08,5022,2ACF32,temperaturueberhoehung_sammler,,SIN,10,K,(WP009) Temperaturüberhöhung Sammler
w,cha,temperaturueberhoehung_sammler,(WP009) Temperaturüberhöhung Sammler,,08,5023,00CF32,temperaturueberhoehung_sammler,,SIN,10,K,(WP009) Temperaturüberhöhung Sammler
r,cha,soll_spreizung,(WP010) Soll-Spreizung,,08,5022,9EE92E,soll_spreizung,,SIN,10,K,(WP010) Soll-Spreizung
w,cha,soll_spreizung,(WP010) Soll-Spreizung,,08,5023,00E92E,soll_spreizung,,SIN,10,K,(WP010) Soll-Spreizung
r,cha,hysterese_heizbetrieb,(WP011) Hysterese Heizbetrieb,,08,5022,0AD032,hysterese_heizbetrieb,,SIN,10,K,(WP011) Hysterese Heizbetrieb
w,cha,hysterese_heizbetrieb,(WP011) Hysterese Heizbetrieb,,08,5023,00D032,hysterese_heizbetrieb,,SIN,10,K,(WP011) Hysterese Heizbetrieb
r,cha,drehzahl_zhp,Drehzahl ZHP,,08,5022,275727,drehzahl_zhp,,UIN,,%,Drehzahl ZHP
r,cha,nachlauf_zhp,(WP012) Nachlauf ZHP,,08,5022,56D132,nachlauf_zhp,,UIN,,min,(WP012) Nachlauf ZHP
w,cha,nachlauf_zhp,(WP012) Nachlauf ZHP,,08,5023,00D132,nachlauf_zhp,,UIN,,min,(WP012) Nachlauf ZHP
r,cha,verzoegerung_zwe_heizung,(WP013) Verzögerung ZWE Heizung,,08,5022,EEEC2E,verzoegerung_zwe_heizung,,UIN,,min,(WP013) Verzögerung ZWE Heizung
w,cha,verzoegerung_zwe_heizung,(WP013) Verzögerung ZWE Heizung,,08,5023,00EC2E,verzoegerung_zwe_heizung,,UIN,,min,(WP013) Verzögerung ZWE Heizung
r,cha,nachlauf_hkp,(WP014) Nachlauf HKP,,08,5022,B2D232,nachlauf_hkp,,UIN,,min,(WP014) Nachlauf HKP
w,cha,nachlauf_hkp,(WP014) Nachlauf HKP,,08,5023,00D232,nachlauf_hkp,,UIN,,min,(WP014) Nachlauf HKP
r,cha,pumpenleistung_hk_maximal,(WP015) Pumpenleistung HK maximal,,08,5022,56EE2E,pumpenleistung_hk_maximal,,UIN,,%,(WP015) Pumpenleistung HK maximal
w,cha,pumpenleistung_hk_maximal,(WP015) Pumpenleistung HK maximal,,08,5023,00EE2E,pumpenleistung_hk_maximal,,UIN,,%,(WP015) Pumpenleistung HK maximal
r,cha,freigabe_spreizungsregelung,(WP016) Freigabe Spreizungsregelung,,08,5022,0AEF2E,freigabe_spreizungsregelung,,UIN,0x00=Aus;0x01=Ein,,(WP016) Freigabe Spreizungsregelung
w,cha,freigabe_spreizungsregelung,(WP016) Freigabe Spreizungsregelung,,08,5023,00EF2E,freigabe_spreizungsregelung,,UIN,0x00=Aus;0x01=Ein,,(WP016) Freigabe Spreizungsregelung
r,cha,kesselmaximaltemp_hz_tv_max,(WP017) Kesselmaximaltemp HZ TV-max,,08,5022,EED332,kesselmaximaltemp_hz_tv_max,,SIN,10,°C,(WP017) Kesselmaximaltemp HZ TV-max
w,cha,kesselmaximaltemp_hz_tv_max,(WP017) Kesselmaximaltemp HZ TV-max,,08,5023,00D332,kesselmaximaltemp_hz_tv_max,,SIN,10,°C,(WP017) Kesselmaximaltemp HZ TV-max
r,cha,kesselminimaltemp_tk_min,(WP018) Kesselminimaltemp TK-min,,08,5022,76F12E,kesselminimaltemp_tk_min,,SIN,10,°C,(WP018) Kesselminimaltemp TK-min
w,cha,kesselminimaltemp_tk_min,(WP018) Kesselminimaltemp TK-min,,08,5023,00F12E,kesselminimaltemp_tk_min,,SIN,10,°C,(WP018) Kesselminimaltemp TK-min
r,cha,pumpenleistung_hk_minimal,(WP019) Pumpenleistung HK minimal,,08,5022,26D432,pumpenleistung_hk_minimal,,UIN,,%,(WP019) Pumpenleistung HK minimal
w,cha,pumpenleistung_hk_minimal,(WP019) Pumpenleistung HK minimal,,08,5023,00D432,pumpenleistung_hk_minimal,,UIN,,%,(WP019) Pumpenleistung HK minimal
r,cha,hysterese_warmwasserbetrieb,(WP020) Hysterese Warmwasserbetrieb,,08,5022,7AD532,hysterese_warmwasserbetrieb,,SIN,10,°C,(WP020) Hysterese Warmwasserbetrieb
w,cha,hysterese_warmwasserbetrieb,(WP020) Hysterese Warmwasserbetrieb,,08,5023,00D532,hysterese_warmwasserbetrieb,,SIN,10,°C,(WP020) Hysterese Warmwasserbetrieb
r,cha,freigabe_max_zeit_warmwasserbetrieb,(WP021) Freigabe max. Zeit Warmwasserbetrieb,,08,5022,06F42E,freigabe_max_zeit_warmwasserbetrieb,,UIN,0x00=Aus;0x01=Ein,,(WP021) Freigabe max. Zeit Warmwasserbetrieb
w,cha,freigabe_max_zeit_warmwasserbetrieb,(WP021) Freigabe max. Zeit Warmwasserbetrieb,,08,5023,00F42E,freigabe_max_zeit_warmwasserbetrieb,,UIN,0x00=Aus;0x01=Ein,,(WP021) Freigabe max. Zeit Warmwasserbetrieb
r,cha,max_zeit_warmwasserbetrieb,(WP022) Max. Zeit Warmwasserbetrieb,,08,5022,F18001,max_zeit_warmwasserbetrieb,,UIN,,min,(WP022) Max. Zeit Warmwasserbetrieb
w,cha,max_zeit_warmwasserbetrieb,(WP022) Max. Zeit Warmwasserbetrieb,,08,5023,008001,max_zeit_warmwasserbetrieb,,UIN,,min,(WP022) Max. Zeit Warmwasserbetrieb
r,cha,verz_zwe_warmwasserbetrieb,(WP023) Verz. ZWE Warmwasserbetrieb,,08,5022,BEF62E,verz_zwe_warmwasserbetrieb,,UIN,,min,(WP023) Verz. ZWE Warmwasserbetrieb
w,cha,verz_zwe_warmwasserbetrieb,(WP023) Verz. ZWE Warmwasserbetrieb,,08,5023,00F62E,verz_zwe_warmwasserbetrieb,,UIN,,min,(WP023) Verz. ZWE Warmwasserbetrieb
r,cha,sg_pv,(WP025) SG/PV,,08,5022,52D832,sg_pv,,UIN,0x00=PV;0x01=SG,,(WP025) SG/PV
w,cha,sg_pv,(WP025) SG/PV,,08,5023,00D832,sg_pv,,UIN,0x00=PV;0x01=SG,,(WP025) SG/PV
r,cha,externe_anhebung_hz,(WP026) Externe Anhebung HZ,,08,5022,0ED932,externe_anhebung_hz,,SIN,10,°C,(WP026) Externe Anhebung HZ
w,cha,externe_anhebung_hz,(WP026) Externe Anhebung HZ,,08,5023,00D932,externe_anhebung_hz,,SIN,10,°C,(WP026) Externe Anhebung HZ
r,cha,externe_anhebung_ww,(WP027) Externe Anhebung WW,,08,5022,EADA32,externe_anhebung_ww,,SIN,10,°C,(WP027) Externe Anhebung WW
w,cha,externe_anhebung_ww,(WP027) Externe Anhebung WW,,08,5023,00DA32,externe_anhebung_ww,,SIN,10,°C,(WP027) Externe Anhebung WW
r,cha,wez_management_bei_sg_pv,(WP028) WEZ-Management bei SG/PV,,08,5022,B6DB32,wez_management_bei_sg_pv,,UIN,0x00=Standard;0x01=WP;0x02=EHZ;0x03=WP + EHZ parallel,,(WP028) WEZ-Management bei SG/PV
w,cha,wez_management_bei_sg_pv,(WP028) WEZ-Management bei SG/PV,,08,5023,00DB32,wez_management_bei_sg_pv,,UIN,0x00=Standard;0x01=WP;0x02=EHZ;0x03=WP + EHZ parallel,,(WP028) WEZ-Management bei SG/PV
r,cha,busadresse,(WP031) Busadresse,,08,5022,E6FE2E,busadresse,,UIN,,,(WP031) Busadresse
w,cha,busadresse,(WP031) Busadresse,,08,5023,00FE2E,busadresse,,UIN,,,(WP031) Busadresse
r,cha,auswirkung_sg_pv_auf_heizbetrieb,(WP032) Auswirkung SG/PV auf Heizbetrieb,,08,5022,BAFF2E,auswirkung_sg_pv_auf_heizbetrieb,,UIN,0x00=Aus;0x01=Ein,,(WP032) Auswirkung SG/PV auf Heizbetrieb
w,cha,auswirkung_sg_pv_auf_heizbetrieb,(WP032) Auswirkung SG/PV auf Heizbetrieb,,08,5023,00FF2E,auswirkung_sg_pv_auf_heizbetrieb,,UIN,0x00=Aus;0x01=Ein,,(WP032) Auswirkung SG/PV auf Heizbetrieb
r,cha,auswirkung_sg_pv_auf_kuehlbetrieb,(WP033) Auswirkung SG/PV auf Kühlbetrieb,,08,5022,2F002F,auswirkung_sg_pv_auf_kuehlbetrieb,,UIN,0x00=Aus;0x01=Ein,,(WP033) Auswirkung SG/PV auf Kühlbetrieb
w,cha,auswirkung_sg_pv_auf_kuehlbetrieb,(WP033) Auswirkung SG/PV auf Kühlbetrieb,,08,5023,00002F,auswirkung_sg_pv_auf_kuehlbetrieb,,UIN,0x00=Aus;0x01=Ein,,(WP033) Auswirkung SG/PV auf Kühlbetrieb
r,cha,bivalenzpunkt_verdichter_sg_pv,(WP034) Bivalenzpunkt Verdichter SG/PV,,08,5022,7EDC32,bivalenzpunkt_verdichter_sg_pv,,SIN,10,°C,(WP034) Bivalenzpunkt Verdichter SG/PV
w,cha,bivalenzpunkt_verdichter_sg_pv,(WP034) Bivalenzpunkt Verdichter SG/PV,,08,5023,00DC32,bivalenzpunkt_verdichter_sg_pv,,SIN,10,°C,(WP034) Bivalenzpunkt Verdichter SG/PV
r,cha,bivalenzpunkt_ehz_sg_pv,(WP035) Bivalenzpunkt EHZ SG/PV,,08,5022,22DD32,bivalenzpunkt_ehz_sg_pv,,SIN,10,°C,(WP035) Bivalenzpunkt EHZ SG/PV
w,cha,bivalenzpunkt_ehz_sg_pv,(WP035) Bivalenzpunkt EHZ SG/PV,,08,5023,00DD32,bivalenzpunkt_ehz_sg_pv,,SIN,10,°C,(WP035) Bivalenzpunkt EHZ SG/PV
r,cha,bivalenzpunkt_zwe_sg_pv,(WP036) Bivalenzpunkt ZWE SG/PV,,08,5022,C6DE32,bivalenzpunkt_zwe_sg_pv,,SIN,10,°C,(WP036) Bivalenzpunkt ZWE SG/PV
w,cha,bivalenzpunkt_zwe_sg_pv,(WP036) Bivalenzpunkt ZWE SG/PV,,08,5023,00DE32,bivalenzpunkt_zwe_sg_pv,,SIN,10,°C,(WP036) Bivalenzpunkt ZWE SG/PV
r,cha,externe_absenkung_k,(WP037) Externe Absenkung K,,08,5022,FB0733,externe_absenkung_k,,SIN,10,°C,(WP037) Externe Absenkung K
w,cha,externe_absenkung_k,(WP037) Externe Absenkung K,,08,5023,000733,externe_absenkung_k,,SIN,10,°C,(WP037) Externe Absenkung K
r,cha,pumpenleistung_ww,(WP040) Pumpenleistung WW,,08,5022,9ADF32,pumpenleistung_ww,,UIN,,%,(WP040) Pumpenleistung WW
w,cha,pumpenleistung_ww,(WP040) Pumpenleistung WW,,08,5023,00DF32,pumpenleistung_ww,,UIN,,%,(WP040) Pumpenleistung WW
r,cha,vorlauftemperatur_fuer_poolbetrieb,(WP045) Vorlauftemperatur für Poolbetrieb,,08,5022,EF2A33,vorlauftemperatur_fuer_poolbetrieb,,SIN,10,°C,(WP045) Vorlauftemperatur für Poolbetrieb
w,cha,vorlauftemperatur_fuer_poolbetrieb,(WP045) Vorlauftemperatur für Poolbetrieb,,08,5023,002A33,vorlauftemperatur_fuer_poolbetrieb,,SIN,10,°C,(WP045) Vorlauftemperatur für Poolbetrieb
r,cha,verzoegerung_zwe_poolbetrieb,(WP046) Verzögerung ZWE Poolbetrieb,,08,5022,B32B33,verzoegerung_zwe_poolbetrieb,,UIN,,min,(WP046) Verzögerung ZWE Poolbetrieb
w,cha,verzoegerung_zwe_poolbetrieb,(WP046) Verzögerung ZWE Poolbetrieb,,08,5023,002B33,verzoegerung_zwe_poolbetrieb,,UIN,,min,(WP046) Verzögerung ZWE Poolbetrieb
r,cha,freigabe_zwe_poolbetrieb,(WP047) Freigabe ZWE Poolbetrieb,,08,5022,7B2C33,freigabe_zwe_poolbetrieb,,UIN,0x00=Aus;0x01=Ein,,(WP047) Freigabe ZWE Poolbetrieb
w,cha,freigabe_zwe_poolbetrieb,(WP047) Freigabe ZWE Poolbetrieb,,08,5023,002C33,freigabe_zwe_poolbetrieb,,UIN,0x00=Aus;0x01=Ein,,(WP047) Freigabe ZWE Poolbetrieb
r,cha,aussentemp_freigabe_kuehlbetrieb,(WP053) Aussentemp. Freigabe Kühlbetrieb,,08,5022,B3142F,aussentemp_freigabe_kuehlbetrieb,,SIN,10,°C,(WP053) Aussentemp. Freigabe Kühlbetrieb
w,cha,aussentemp_freigabe_kuehlbetrieb,(WP053) Aussentemp. Freigabe Kühlbetrieb,,08,5023,00142F,aussentemp_freigabe_kuehlbetrieb,,SIN,10,°C,(WP053) Aussentemp. Freigabe Kühlbetrieb
r,cha,min_vorlauftemperatur_fuer_kuehlbetrieb,(WP054) Min. Vorlauftemperatur für Kühlbetrieb,,08,5022,86E032,min_vorlauftemperatur_fuer_kuehlbetrieb,,SIN,10,°C,(WP054) Min. Vorlauftemperatur für Kühlbetrieb
w,cha,min_vorlauftemperatur_fuer_kuehlbetrieb,(WP054) Min. Vorlauftemperatur für Kühlbetrieb,,08,5023,00E032,min_vorlauftemperatur_fuer_kuehlbetrieb,,SIN,10,°C,(WP054) Min. Vorlauftemperatur für Kühlbetrieb
r,cha,freigabe_kuehlbetrieb,(WP058) Freigabe Kühlbetrieb,,08,5022,9B192F,freigabe_kuehlbetrieb,,UIN,0x00=Aus;0x01=Ein,,(WP058) Freigabe Kühlbetrieb
w,cha,freigabe_kuehlbetrieb,(WP058) Freigabe Kühlbetrieb,,08,5023,00192F,freigabe_kuehlbetrieb,,UIN,0x00=Aus;0x01=Ein,,(WP058) Freigabe Kühlbetrieb
r,cha,hysterese_kuehlbetrieb,(WP059) Hysterese Kühlbetrieb,,08,5022,DAE132,hysterese_kuehlbetrieb,,SIN,10,K,(WP059) Hysterese Kühlbetrieb
w,cha,hysterese_kuehlbetrieb,(WP059) Hysterese Kühlbetrieb,,08,5023,00E132,hysterese_kuehlbetrieb,,SIN,10,K,(WP059) Hysterese Kühlbetrieb
r,cha,nachtbetrieb_ende,(WP061) Nachtbetrieb Ende,,08,5022,EB1C2F,nachtbetrieb_ende,,BTI,,,(WP061) Nachtbetrieb Ende
w,cha,nachtbetrieb_ende,(WP061) Nachtbetrieb Ende,,08,5023,001C2F,nachtbetrieb_ende,,BTI,,,(WP061) Nachtbetrieb Ende
r,cha,nachtbetrieb_start,(WP062) Nachtbetrieb Start,,08,5022,B71D2F,nachtbetrieb_start,,BTI,,,(WP062) Nachtbetrieb Start
w,cha,nachtbetrieb_start,(WP062) Nachtbetrieb Start,,08,5023,001D2F,nachtbetrieb_start,,BTI,,,(WP062) Nachtbetrieb Start
r,cha,limitierung_nachtbetrieb,(WP064) Limitierung Nachtbetrieb,,08,5022,3EE232,limitierung_nachtbetrieb,,UIN,,%,(WP064) Limitierung Nachtbetrieb
w,cha,limitierung_nachtbetrieb,(WP064) Limitierung Nachtbetrieb,,08,5023,00E232,limitierung_nachtbetrieb,,UIN,,%,(WP064) Limitierung Nachtbetrieb
r,cha,limitierung_tagbetrieb,(WP065) Limitierung Tagbetrieb,,08,5022,62E332,limitierung_tagbetrieb,,UIN,,%,(WP065) Limitierung Tagbetrieb
w,cha,limitierung_tagbetrieb,(WP065) Limitierung Tagbetrieb,,08,5023,00E332,limitierung_tagbetrieb,,UIN,,%,(WP065) Limitierung Tagbetrieb
r,cha,aktivierung_nachtbetrieb,(WP066) Aktivierung Nachtbetrieb,,08,5022,0EE62E,aktivierung_nachtbetrieb,,UIN,0x00=Aus;0x01=Ein,,(WP066) Aktivierung Nachtbetrieb
w,cha,aktivierung_nachtbetrieb,(WP066) Aktivierung Nachtbetrieb,,08,5023,00E62E,aktivierung_nachtbetrieb,,UIN,0x00=Aus;0x01=Ein,,(WP066) Aktivierung Nachtbetrieb
r,cha,t_zuluft_keine_abtauung,(WP070) T_Zuluft keine Abtauung,,08,5022,AAE432,t_zuluft_keine_abtauung,,SIN,10,°C,(WP070) T_Zuluft keine Abtauung
w,cha,t_zuluft_keine_abtauung,(WP070) T_Zuluft keine Abtauung,,08,5023,00E432,t_zuluft_keine_abtauung,,SIN,10,°C,(WP070) T_Zuluft keine Abtauung
r,cha,sperrzeit_abtauung,(WP073) Sperrzeit Abtauung,,08,5022,F6E532,sperrzeit_abtauung,,UIN,,min,(WP073) Sperrzeit Abtauung
w,cha,sperrzeit_abtauung,(WP073) Sperrzeit Abtauung,,08,5023,00E532,sperrzeit_abtauung,,UIN,,min,(WP073) Sperrzeit Abtauung
r,cha,max_zeit_abtaubetrieb,(WP074) Max. Zeit Abtaubetrieb,,08,5022,12E632,max_zeit_abtaubetrieb,,UIN,,min,(WP074) Max. Zeit Abtaubetrieb
w,cha,max_zeit_abtaubetrieb,(WP074) Max. Zeit Abtaubetrieb,,08,5023,00E632,max_zeit_abtaubetrieb,,UIN,,min,(WP074) Max. Zeit Abtaubetrieb
r,cha,laufzeit_luefter_nach_abtaubetrieb,(WP077) Laufzeit Lüfter nach Abtaubetrieb,,08,5022,4EE732,laufzeit_luefter_nach_abtaubetrieb,,UIN,,sec,(WP077) Laufzeit Lüfter nach Abtaubetrieb
w,cha,laufzeit_luefter_nach_abtaubetrieb,(WP077) Laufzeit Lüfter nach Abtaubetrieb,,08,5023,00E732,laufzeit_luefter_nach_abtaubetrieb,,UIN,,sec,(WP077) Laufzeit Lüfter nach Abtaubetrieb
r,cha,bivalenzpunkt_verdichter,(WP080) Bivalenzpunkt Verdichter,,08,5022,DEE832,bivalenzpunkt_verdichter,,SIN,10,°C,(WP080) Bivalenzpunkt Verdichter
w,cha,bivalenzpunkt_verdichter,(WP080) Bivalenzpunkt Verdichter,,08,5023,00E832,bivalenzpunkt_verdichter,,SIN,10,°C,(WP080) Bivalenzpunkt Verdichter
r,cha,freigabe_e_heizung_fuer_hz_betrieb,(WP090) Freigabe E-Heizung für HZ-Betrieb,,08,5022,A7392F,freigabe_e_heizung_fuer_hz_betrieb,,UIN,0x00=Aus;0x01=Ein,,(WP090) Freigabe E-Heizung für HZ-Betrieb
w,cha,freigabe_e_heizung_fuer_hz_betrieb,(WP090) Freigabe E-Heizung für HZ-Betrieb,,08,5023,00392F,freigabe_e_heizung_fuer_hz_betrieb,,UIN,0x00=Aus;0x01=Ein,,(WP090) Freigabe E-Heizung für HZ-Betrieb
r,cha,bivalenzpunkt_e_heizung,(WP091) Bivalenzpunkt E-Heizung,,08,5022,82E932,bivalenzpunkt_e_heizung,,SIN,10,°C,(WP091) Bivalenzpunkt E-Heizung
w,cha,bivalenzpunkt_e_heizung,(WP091) Bivalenzpunkt E-Heizung,,08,5023,00E932,bivalenzpunkt_e_heizung,,SIN,10,°C,(WP091) Bivalenzpunkt E-Heizung
r,cha,evu_sperre_fuer_e_heizung,(WP092) EVU-Sperre für E-Heizung,,08,5022,1F3B2F,evu_sperre_fuer_e_heizung,,UIN,0x00=Aus;0x01=Ein,,(WP092) EVU-Sperre für E-Heizung
w,cha,evu_sperre_fuer_e_heizung,(WP092) EVU-Sperre für E-Heizung,,08,5023,003B2F,evu_sperre_fuer_e_heizung,,UIN,0x00=Aus;0x01=Ein,,(WP092) EVU-Sperre für E-Heizung
r,cha,typ_e_heizung,(WP094) Typ E-Heizung,,08,5022,66EA32,typ_e_heizung,,UIN,0x00=Keine;0x01=3 kW;0x02=6 kW;0x03=9 kW,,(WP094) Typ E-Heizung
w,cha,typ_e_heizung,(WP094) Typ E-Heizung,,08,5023,00EA32,typ_e_heizung,,UIN,0x00=Keine;0x01=3 kW;0x02=6 kW;0x03=9 kW,,(WP094) Typ E-Heizung
r,cha,freigabe_ehz_warmwasserbetrieb,(WP095) Freigabe EHZ Warmwasserbetrieb,,08,5022,3AEB32,freigabe_ehz_warmwasserbetrieb,,UIN,0x00=Aus;0x01=Ein,,(WP095) Freigabe EHZ Warmwasserbetrieb
w,cha,freigabe_ehz_warmwasserbetrieb,(WP095) Freigabe EHZ Warmwasserbetrieb,,08,5023,00EB32,freigabe_ehz_warmwasserbetrieb,,UIN,0x00=Aus;0x01=Ein,,(WP095) Freigabe EHZ Warmwasserbetrieb
r,cha,bivalenzpunkt_zwe,(WP101) Bivalenzpunkt ZWE,,08,5022,F2EC32,bivalenzpunkt_zwe,,SIN,10,°C,(WP101) Bivalenzpunkt ZWE
w,cha,bivalenzpunkt_zwe,(WP101) Bivalenzpunkt ZWE,,08,5023,00EC32,bivalenzpunkt_zwe,,SIN,10,°C,(WP101) Bivalenzpunkt ZWE
r,cha,prioritaet_zwe_heizbetrieb,(WP102) Priorität ZWE Heizbetrieb,,08,5022,AEED32,prioritaet_zwe_heizbetrieb,,UIN,,,(WP102) Priorität ZWE Heizbetrieb
w,cha,prioritaet_zwe_heizbetrieb,(WP102) Priorität ZWE Heizbetrieb,,08,5023,00ED32,prioritaet_zwe_heizbetrieb,,UIN,,,(WP102) Priorität ZWE Heizbetrieb
r,cha,prioritaet_zwe_warmwasserbetrieb,(WP103) Priorität ZWE Warmwasserbetrieb,,08,5022,4AEE32,prioritaet_zwe_warmwasserbetrieb,,UIN,,,(WP103) Priorität ZWE Warmwasserbetrieb
w,cha,prioritaet_zwe_warmwasserbetrieb,(WP103) Priorität ZWE Warmwasserbetrieb,,08,5023,00EE32,prioritaet_zwe_warmwasserbetrieb,,UIN,,,(WP103) Priorität ZWE Warmwasserbetrieb
r,cha,zwe_ueber_e_bus,(WP104) ZWE über eBus,,08,5022,9F472F,zwe_ueber_e_bus,,UIN,0x00=Aus;0x01=Ein,,(WP104) ZWE über eBus
w,cha,zwe_ueber_e_bus,(WP104) ZWE über eBus,,08,5023,00472F,zwe_ueber_e_bus,,UIN,0x00=Aus;0x01=Ein,,(WP104) ZWE über eBus
r,cha,evu_sperre_zwe,(WP105) EVU-Sperre ZWE,,08,5022,631A33,evu_sperre_zwe,,UIN,0x00=Aus;0x01=Ein,,(WP105) EVU-Sperre ZWE
w,cha,evu_sperre_zwe,(WP105) EVU-Sperre ZWE,,08,5023,001A33,evu_sperre_zwe,,UIN,0x00=Aus;0x01=Ein,,(WP105) EVU-Sperre ZWE
r,cha,wertigkeit_der_s0_impulse_cha,(WP110) Wertigkeit der S0-Impulse CHA,,08,5022,16EF32,wertigkeit_der_s0_impulse_cha,,UIN,,pls/kWh,(WP110) Wertigkeit der S0-Impulse CHA
w,cha,wertigkeit_der_s0_impulse_cha,(WP110) Wertigkeit der S0-Impulse CHA,,08,5023,00EF32,wertigkeit_der_s0_impulse_cha,,UIN,,pls/kWh,(WP110) Wertigkeit der S0-Impulse CHA
r,cha,wertigkeit_der_s0_impulse_einspeisezaehler,(WP111) Wertigkeit der S0-Impulse Einspeisezähler,,08,5022,36F032,wertigkeit_der_s0_impulse_einspeisezaehler,,UIN,,pls/kWh,(WP111) Wertigkeit der S0-Impulse Einspeisezähler
w,cha,wertigkeit_der_s0_impulse_einspeisezaehler,(WP111) Wertigkeit der S0-Impulse Einspeisezähler,,08,5023,00F032,wertigkeit_der_s0_impulse_einspeisezaehler,,UIN,,pls/kWh,(WP111) Wertigkeit der S0-Impulse Einspeisezähler
r,cha,aktueller_energiepreis_zwe,(WP115) Aktueller Energiepreis ZWE,,08,5022,8EF232,aktueller_energiepreis_zwe,,SIN,10,Cent/kWh,(WP115) Aktueller Energiepreis ZWE
w,cha,aktueller_energiepreis_zwe,(WP115) Aktueller Energiepreis ZWE,,08,5023,00F232,aktueller_energiepreis_zwe,,SIN,10,Cent/kWh,(WP115) Aktueller Energiepreis ZWE
r,cha,aktueller_strompreis,(WP116) Aktueller Strompreis,,08,5022,D2F332,aktueller_strompreis,,SIN,10,Cent/kWh,(WP116) Aktueller Strompreis
w,cha,aktueller_strompreis,(WP116) Aktueller Strompreis,,08,5023,00F332,aktueller_strompreis,,SIN,10,Cent/kWh,(WP116) Aktueller Strompreis
r,cha,hybridbetrieb,(WP117) Hybridbetrieb,,08,5022,1AF432,hybridbetrieb,,UIN,0x00=Standard;0x01=Ökonomisch;0x02=Ökologisch,,(WP117) Hybridbetrieb
w,cha,hybridbetrieb,(WP117) Hybridbetrieb,,08,5023,00F432,hybridbetrieb,,UIN,0x00=Standard;0x01=Ökonomisch;0x02=Ökologisch,,(WP117) Hybridbetrieb
r,cha,verdichter_max_starts_pro_stunde,(WP121) Verdichter max. Starts pro Stunde,,08,5022,BF582F,verdichter_max_starts_pro_stunde,,UIN,,,(WP121) Verdichter max. Starts pro Stunde
w,cha,verdichter_max_starts_pro_stunde,(WP121) Verdichter max. Starts pro Stunde,,08,5023,00582F,verdichter_max_starts_pro_stunde,,UIN,,,(WP121) Verdichter max. Starts pro Stunde
#
# ===========================================================================
# COB oil condensing boiler (verified on a Wolf COB-15, slave 08, 2026-09-23)
# ===========================================================================
# Everything above is the CHA heat pump set. The rows below are specific to
# the COB and come from zivillian/ism7mqtt, device template DTID 90000 "COB".
# Read only. All IDs carry the correct leading CRC8 (the boiler checks it).
#
# Note: TelegramNr 554 (DE2A02) is already defined above as
# "betriebsstunden_verdichter". On a COB the same register is the burner
# operating hours - it is not repeated here because ebusd rejects a second
# message with the same address and ID.
#
# --- Status bits, TelegramNr 370 --------------------------------------------
# Bits counted from 0 (proven during a DHW charge, see relay bits below):
#   bit 1 water pressure OK      bit 3 FLAME          bit 4 E1 input
#   bit 5 flow limit thermostat OK   bit 6 flue gas limit thermostat OK
#   bit 7 condensate pump OK
# Idle value on this boiler: 0xF3, with flame 0xFB.
r,cha,cob_status,Statusbits COB (TgNr 370),,08,5022,4D7201,bits,,UIN,,,Statusbits roh
#
# --- Relay bits / burner stage, TelegramNr 371 -------------------------------
#   bit 1 valve 1 (stage 1)      bit 2 valve 2 (stage 2)
#   bit 4 boiler circuit pump    bit 5 DHW charging pump
#   bit 6 output A1              bit 7 stratified charging pump
# Observed during a DHW charge: 0x20 (charging pump) -> 0x26 (stage 2, flame)
# -> 0xA6 -> 0xA2 (stage 1) -> 0x00. 0x20 at the very start of the charge is
# what proves the bits count from 0 - counted from 1 it would read as "A1".
r,cha,cob_relais,Relais/Ventile COB (TgNr 371),,08,5022,117301,bits,,UIN,,,Relaisbits roh
#
# --- Boiler state, TelegramNr 374 --------------------------------------------
# 0..24, e.g. 0 standby, 3 heating, 15 DHW charging ("Speicherbetrieb"),
# 17 DHW pump overrun. Stayed at 15 for a whole charge with operating mode
# "Heizbetrieb" and the boiler circuit pump never came on: DHW priority.
r,cha,cob_hg_status,HG Status COB (TgNr 374),,08,5022,617601,status,,UIN,,,HG Status
#
# --- Counters ---------------------------------------------------------------
# 16 bit registers. 550/551 and 552/553 are the low and high word of 32 bit
# counters: value = hi * 65536 + lo.
r,cha,cob_brennerstunden_stufe2,Brennerbetriebsstunden 2. Stufe (TgNr 1113),,08,5022,C85904,value,,UIN,,h,Brennerstunden Stufe 2
r,cha,cob_brennerstarts_lo,Brennerstarts low (TgNr 550),,08,5022,AA2602,value,,UIN,,,Brennerstarts unteres Wort
r,cha,cob_brennerstarts_hi,Brennerstarts high (TgNr 551),,08,5022,F62702,value,,UIN,,,Brennerstarts oberes Wort
r,cha,cob_netzstunden_lo,Netzbetriebsstunden low (TgNr 552),,08,5022,662802,value,,UIN,,,Netzstunden unteres Wort
r,cha,cob_netzstunden_hi,Netzbetriebsstunden high (TgNr 553),,08,5022,3A2902,value,,UIN,,,Netzstunden oberes Wort
#
# --- Stage 2 lockout time, TelegramNr 37 ------------------------------------
r,cha,cob_sperrzeit_stufe2,Sperrzeit 2. Brennerstufe (TgNr 37),,08,5022,4C2500,value,,UIN,,min,Sperrzeit Stufe 2
#
# --- DHW setpoint commanded to the boiler, TelegramNr 3 ----------------------
# Not the user setpoint (that is TelegramNr 19 above / warmwasser_soll in
# config_bm.csv) but what the controller currently asks for: the real
# setpoint while DHW is released, 10.0 degC while the DHW time program blocks.
r,cha,cob_warmwasser_sollwert_aktiv,Warmwasser Sollwert an den Kessel (TgNr 3),,08,5022,E40300,value,,SIN,10,°C,Warmwasser Sollwert aktiv
